	subject_ID	age	gender	site
0	sub1670	19.0	f	2
1	sub1076	21.0	f	2
2	sub1668	36.0	f	0
3	sub2067	51.0	m	2
4	sub411	43.0	f	10
5	sub1046	23.0	f	0
6	sub940	24.0	f	2
7	sub1260	22.0	m	14
8	sub1767	18.0	f	14
9	sub751	28.0	m	8
10	sub1751	25.0	f	1
11	sub3004	41.0	m	0
12	sub2691	36.92	f	9
13	sub2852	22.0	f	2
14	sub425	30.0	m	10
15	sub1881	19.96	m	5
16	sub150	21.0	f	3
17	sub74	55.0	m	13
18	sub7	22.0	f	0
19	sub2904	33.0	m	3
20	sub193	19.0	m	8
21	sub2350	23.0	m	13
22	sub3183	59.0	m	2
23	sub449	28.0	m	14
24	sub2041	25.0	f	16
25	sub6	33.0	m	2
26	sub1695	19.0	m	3
27	sub2168	41.0	m	0
28	sub2955	45.0	f	12
29	sub2726	28.0	f	3
30	sub1453	55.0	f	0
31	sub125	43.0	m	13
32	sub3258	21.0	f	13
33	sub1323	42.0	f	0
34	sub1054	31.81	m	9
35	sub693	22.0	f	4
36	sub2611	29.0	m	3
37	sub1220	24.0	f	2
38	sub2899	65.0	f	1
39	sub929	48.0	f	0
40	sub2706	25.0	f	8
41	sub403	23.0	f	0
42	sub1969	23.0	m	0
43	sub650	62.96	f	9
44	sub3108	20.0	f	10
45	sub2283	60.54	m	9
46	sub734	19.0	m	2
47	sub520	64.75	m	9
48	sub218	68.47	m	11
49	sub2745	31.59	f	9
50	sub2120	31.0	m	12
51	sub3150	21.0	f	4
52	sub1103	74.0	m	14
53	sub1575	20.0	f	14
54	sub554	58.66	m	9
55	sub281	19.0	f	4
56	sub1687	33.08	f	9
57	sub3118	26.0	f	1
58	sub2936	27.0	m	0
59	sub2966	35.0	m	0
60	sub2418	18.0	m	14
61	sub720	30.0	m	2
62	sub1429	24.0	m	8
63	sub3138	39.18	m	9
64	sub2763	26.64	f	5
65	sub2632	21.0	f	1
66	sub1705	69.55	m	9
67	sub1080	18.0	m	8
68	sub2884	22.0	f	8
69	sub184	25.0	f	8
70	sub3299	49.0	f	2
71	sub2780	25.0	f	8
72	sub736	25.0	f	0
73	sub214	25.0	m	1
74	sub2031	26.0	m	2
75	sub2894	26.0	f	2
76	sub1086	57.0	f	14
77	sub2354	26.0	m	8
78	sub1451	23.0	f	8
79	sub1562	46.0	f	14
80	sub140	70.95	f	9
81	sub3048	23.0	m	1
82	sub1037	22.0	m	14
83	sub1557	19.0	m	1
84	sub1074	31.0	f	2
85	sub1440	64.66	f	9
86	sub2109	23.96	f	5
87	sub100	81.0	m	14
88	sub1754	30.0	f	14
89	sub2707	20.0	m	1
90	sub2287	28.0	f	0
91	sub2194	28.0	f	1
92	sub782	48.0	f	2
93	sub525	23.0	m	2
94	sub903	34.0	f	2
95	sub2420	22.0	f	16
96	sub849	30.67	m	9
97	sub2386	24.0	f	14
98	sub3201	64.0	m	2
99	sub1374	24.0	m	13
100	sub2024	26.0	m	3
101	sub2002	33.92	m	9
102	sub3243	19.0	f	8
103	sub3036	57.21	f	9
104	sub1113	20.0	m	1
105	sub207	21.3	f	15
106	sub1468	23.0	m	3
107	sub890	30.0	f	8
108	sub1826	46.0	m	3
109	sub2276	25.0	m	3
110	sub1288	25.0	m	3
111	sub2406	47.0	f	2
112	sub1459	22.0	f	8
113	sub883	35.45	m	9
114	sub2496	20.0	m	14
115	sub2931	34.48	f	9
116	sub22	26.0	m	3
117	sub398	54.0	f	0
118	sub1756	50.0	f	2
119	sub3033	19.0	f	4
120	sub857	21.0	m	14
121	sub807	69.0	f	14
122	sub1458	24.0	m	8
123	sub544	20.0	f	1
124	sub1470	68.48	m	9
125	sub3024	31.0	m	0
126	sub991	19.0	m	8
127	sub1412	35.0	f	2
128	sub1404	34.0	m	8
129	sub2713	44.0	m	0
130	sub285	59.0	f	0
131	sub3241	27.0	m	1
132	sub1034	34.0	f	2
133	sub296	22.0	f	3
134	sub1311	26.0	m	4
135	sub1701	25.0	m	0
136	sub1221	55.0	f	2
137	sub2526	56.87	m	9
138	sub614	47.0	f	2
139	sub1348	31.0	f	2
140	sub1097	90.0	f	14
141	sub2131	31.0	f	2
142	sub1226	61.34	f	9
143	sub1963	29.0	f	2
144	sub669	21.0	f	2
145	sub1684	31.46	m	9
146	sub1083	34.24	f	9
147	sub3092	34.0	m	2
148	sub412	75.97	f	9
149	sub528	28.0	m	2
150	sub1917	25.0	f	1
151	sub2634	55.22	f	9
152	sub1375	55.17	m	9
153	sub1885	47.0	f	0
154	sub2327	22.0	f	1
155	sub58	47.0	m	2
156	sub1365	35.0	f	2
157	sub830	39.38	m	9
158	sub1467	78.07	m	9
159	sub2332	30.0	m	2
160	sub932	24.0	m	8
161	sub28	24.76	m	9
162	sub2357	27.0	f	0
163	sub2413	45.0	m	0
164	sub3132	32.0	f	2
165	sub1772	54.21	f	9
166	sub1783	21.0	f	1
167	sub1278	22.0	m	1
168	sub2562	43.92	f	9
169	sub62	26.0	f	8
170	sub2331	36.0	f	13
171	sub866	26.93	f	9
172	sub2516	41.0	m	2
173	sub1597	24.0	m	0
174	sub1170	48.0	f	2
175	sub851	19.0	f	14
176	sub2305	18.0	f	2
177	sub1125	31.0	f	14
178	sub210	49.0	f	2
179	sub91	52.0	m	2
180	sub1011	32.42	f	9
181	sub2326	19.0	m	4
182	sub926	62.0	f	14
183	sub432	28.0	f	16
184	sub2990	28.0	f	8
185	sub953	21.8097	f	15
186	sub1120	20.0	m	8
187	sub2561	64.0	m	13
188	sub1808	41.95	f	9
189	sub1114	23.0	m	4
190	sub1822	40.0	m	13
191	sub1821	22.0	m	2
192	sub2858	24.0	f	1
193	sub1273	72.0	m	13
194	sub1533	56.0	m	0
195	sub634	27.0	m	2
196	sub2677	32.0	f	2
197	sub1194	34.0	f	0
198	sub67	31.0	m	2
199	sub1646	18.0	m	10
200	sub546	21.0	m	4
201	sub2753	41.06	f	9
202	sub364	29.0	m	2
203	sub3186	54.49	f	9
204	sub461	53.0	m	2
205	sub2618	43.16	m	9
206	sub1215	23.0	f	0
207	sub2348	63.0	m	13
208	sub1839	22.0	m	2
209	sub1719	20.17	m	9
210	sub1300	30.42	m	9
211	sub2217	23.0	m	8
212	sub3027	29.0	f	3
213	sub2117	33.0	m	3
214	sub966	21.0	m	3
215	sub1841	27.0	f	2
216	sub945	23.0	m	3
217	sub2944	27.71	m	5
218	sub486	39.0	f	10
219	sub1286	21.0	f	1
220	sub1121	19.0	m	14
221	sub2672	33.0	f	0
222	sub68	18.0	f	1
223	sub2080	23.0	f	1
224	sub2277	59.0	f	6
225	sub2779	53.0	f	2
226	sub1328	44.0	m	8
227	sub696	48.0	m	2
228	sub2847	69.72	f	11
229	sub2929	33.0	m	8
230	sub2230	19.0	f	3
231	sub942	59.74	f	9
232	sub2646	25.19	m	9
233	sub2090	24.9	f	9
234	sub1417	19.0	f	8
235	sub497	21.15	f	9
236	sub1588	71.0	f	14
237	sub2201	37.1	m	9
238	sub882	26.0	f	2
239	sub1925	33.35	m	9
240	sub2536	41.3	m	9
241	sub2581	42.0	f	13
242	sub332	62.68	m	9
243	sub2237	24.0	m	2
244	sub29	47.0	m	2
245	sub3058	50.0	m	0
246	sub602	42.37	f	9
247	sub2215	31.0	m	0
248	sub1606	25.0	m	3
249	sub44	23.62	m	5
250	sub454	30.44	f	5
251	sub3130	18.0	m	8
252	sub2208	25.0	f	0
253	sub682	24.88	m	9
254	sub865	23.49	m	9
255	sub1978	36.0	f	0
256	sub93	26.0	f	0
257	sub195	21.0	m	3
258	sub1950	19.0	m	10
259	sub2558	24.0	f	2
260	sub1970	19.0	m	13
261	sub357	19.0	m	8
262	sub646	58.0	f	14
263	sub1209	23.0	f	8
264	sub876	63.54	f	9
265	sub3127	28.0	m	2
266	sub1921	23.0	m	0
267	sub1757	42.0	f	2
268	sub178	22.0	f	2
269	sub254	58.0	f	0
270	sub2261	70.0	f	14
271	sub1407	26.0	f	4
272	sub2947	21.0	m	13
273	sub1952	54.0	f	2
274	sub2705	20.0	m	2
275	sub3297	22.0	m	12
276	sub3055	55.0	f	13
277	sub843	26.0	f	1
278	sub2245	21.0	m	4
279	sub718	36.47	f	9
280	sub2958	22.0	m	0
281	sub1693	50.65	m	9
282	sub2013	31.13	m	9
283	sub1051	50.0	m	10
284	sub138	44.0	m	13
285	sub1478	52.0	f	7
286	sub1123	47.0	f	2
287	sub564	30.0	m	8
288	sub192	30.0	m	2
289	sub2793	58.99	f	9
290	sub224	60.02	f	9
291	sub749	31.0	m	8
292	sub452	30.0	f	2
293	sub2771	25.0	f	8
294	sub340	22.0	m	8
295	sub2374	24.0	f	0
296	sub344	34.0	m	3
297	sub484	20.0	f	1
298	sub2532	51.0	m	2
299	sub630	19.0	f	8
300	sub3203	22.0	f	14
301	sub729	78.2	f	9
302	sub657	22.0	f	14
303	sub1980	31.0	f	0
304	sub2592	28.0	f	8
305	sub2391	22.0	f	10
306	sub50	30.14	m	9
307	sub2241	34.0	m	13
308	sub896	23.0	m	8
309	sub1471	30.0	m	8
310	sub1595	48.0	m	14
311	sub708	55.0	m	7
312	sub1801	26.27	f	9
313	sub599	38.0	m	0
314	sub2328	72.88	f	9
315	sub887	27.0	f	3
316	sub812	75.0	m	13
317	sub1432	54.0	m	13
318	sub652	27.0	f	0
319	sub163	37.0	m	2
320	sub1526	46.43	f	9
321	sub948	22.0	f	1
322	sub1206	74.0	m	14
323	sub2233	21.0	m	4
324	sub1920	30.0	m	8
325	sub2984	26.0	m	2
326	sub2676	18.0	f	2
327	sub2796	28.0	f	2
328	sub471	73.6	m	9
329	sub2130	74.01	f	9
330	sub1327	20.0	m	3
331	sub3050	23.0	f	0
332	sub3250	27.0	f	12
333	sub934	53.54	f	9
334	sub1112	26.0	f	0
335	sub2221	32.0	m	2
336	sub3169	88.0	f	14
337	sub2151	23.0	m	4
338	sub2903	44.88	f	9
339	sub2882	41.74	m	9
340	sub2365	59.0	m	14
341	sub1364	25.0	f	10
342	sub2016	58.0	m	14
343	sub1497	29.0	f	0
344	sub421	22.0	m	1
345	sub2323	21.0	f	4
346	sub1741	30.0	m	2
347	sub2419	22.0	f	14
348	sub2017	21.9357	f	15
349	sub2417	29.66	m	9
350	sub998	56.0	f	2
351	sub2800	56.0	f	0
352	sub1032	39.0	m	3
353	sub2857	31.0	m	8
354	sub2653	28.0	f	0
355	sub1747	50.0	f	0
356	sub907	18.0	m	3
357	sub892	22.0	f	14
358	sub2480	29.0	m	2
359	sub2720	22.0	f	0
360	sub2199	29.95	m	5
361	sub1424	37.0	m	2
362	sub1189	25.0	f	8
363	sub2180	23.0	f	8
364	sub156	26.0	m	0
365	sub468	21.0	m	4
366	sub2318	33.82	m	5
367	sub351	41.0	m	13
368	sub2306	25.0	m	8
369	sub24	65.0	m	13
370	sub1466	55.0	f	2
371	sub1803	82.19	m	9
372	sub1133	35.0	m	8
373	sub958	62.02	f	9
374	sub2922	28.35	m	9
375	sub247	27.0	m	0
376	sub3069	36.0	f	0
377	sub130	23.0	m	10
378	sub157	22.0	f	3
379	sub259	28.0	f	14
380	sub470	32.0	m	0
381	sub1332	19.0	f	13
382	sub48	21.0	f	2
383	sub1362	49.0	f	2
384	sub1212	33.0	m	13
385	sub943	23.0	f	0
386	sub789	39.0	f	7
387	sub1933	38.0	f	10
388	sub1544	26.0	f	4
389	sub1021	17.0	m	2
390	sub2001	23.0	f	2
391	sub1725	45.0	f	2
392	sub1305	29.74	f	9
393	sub2588	21.0	m	4
394	sub1127	30.69	f	9
395	sub2308	23.04	m	9
396	sub433	31.0	f	2
397	sub1242	60.84	m	9
398	sub441	22.0	f	4
399	sub175	19.0	m	0
400	sub2597	22.0	m	14
401	sub1861	25.0	f	16
402	sub1018	19.0	m	8
403	sub2806	24.0	m	14
404	sub95	41.0	m	12
405	sub2810	24.0	f	8
406	sub2623	23.0	m	3
407	sub230	31.0	m	2
408	sub1558	63.18	m	9
409	sub1331	23.499000000000002	f	15
410	sub1609	35.0	f	2
411	sub761	50.0	m	2
412	sub2750	60.0	f	14
413	sub2150	21.0	f	16
414	sub2255	20.0	f	8
415	sub965	48.0	f	2
416	sub755	33.0	f	7
417	sub2399	27.0	f	2
418	sub2269	62.06	f	9
419	sub880	52.0	f	2
420	sub94	20.0	m	4
421	sub2620	54.0	m	10
422	sub333	29.0	f	3
423	sub2096	42.0	f	2
424	sub2880	66.0	f	14
425	sub633	43.0	f	2
426	sub2560	40.0	f	13
427	sub2210	44.0	m	14
428	sub2315	30.0	m	0
429	sub2565	44.0	m	10
430	sub2309	47.0	f	2
431	sub1515	20.0	f	4
432	sub704	49.0	m	10
433	sub3224	84.0	m	14
434	sub10	25.0	f	0
435	sub1065	70.56	f	9
436	sub587	18.0	m	8
437	sub2568	18.0	m	4
438	sub115	58.0	f	2
439	sub2783	43.0	m	2
440	sub1936	27.0	f	2
441	sub1389	53.0	m	2
442	sub2140	40.0	m	2
443	sub336	29.0	f	2
444	sub828	60.9	f	9
445	sub1443	68.12	f	11
446	sub429	47.0	m	2
447	sub2619	60.1	f	9
448	sub2755	75.94	m	9
449	sub3236	18.0	m	2
450	sub47	21.0	f	4
451	sub502	25.0	f	2
452	sub2862	24.0	f	0
453	sub208	54.0	f	2
454	sub2503	34.0	f	2
455	sub877	19.0	m	4
456	sub2377	69.28	m	9
457	sub2821	51.66	f	9
458	sub2076	26.0	f	1
459	sub3117	31.0	m	10
460	sub1157	23.0	f	16
461	sub3135	23.0	f	2
462	sub1868	52.0	f	0
463	sub757	24.0	m	2
464	sub1307	49.0	f	0
465	sub2742	19.0	m	8
466	sub2724	57.74	m	9
467	sub2069	24.0	m	1
468	sub1765	33.0	f	0
469	sub1280	24.0	m	2
470	sub2042	35.0	m	0
471	sub1101	41.9	f	9
472	sub2242	74.0	m	14
473	sub2809	20.0	f	4
474	sub424	54.0	f	14
475	sub177	41.0	f	12
476	sub1098	21.0	f	4
477	sub2803	25.0	f	13
478	sub676	72.0	f	14
479	sub1918	55.0	m	13
480	sub2053	18.0	m	3
481	sub406	31.0	f	2
482	sub256	31.37	m	9
483	sub1742	49.0	f	2
484	sub472	43.0	m	14
485	sub2407	40.0	m	0
486	sub1813	27.0	m	2
487	sub235	21.0	m	8
488	sub2087	56.68	m	9
489	sub547	24.0	f	8
490	sub776	20.0	f	4
491	sub2358	19.0	m	8
492	sub1000	59.51	m	9
493	sub3129	18.0	m	8
494	sub2082	53.0	f	7
495	sub1600	54.0	f	14
496	sub1255	36.71	m	9
497	sub2474	46.0	f	2
498	sub458	42.0	f	2
499	sub1924	21.0	m	4
500	sub2650	37.0	m	2
501	sub326	52.0	f	0
502	sub1438	23.0	m	2
503	sub132	55.0	m	6
504	sub2664	20.0	f	0
505	sub569	64.47	m	9
506	sub1648	26.0	f	0
507	sub446	22.0	f	4
508	sub570	26.0	f	2
509	sub3252	20.0	f	0
510	sub785	61.0	f	0
511	sub527	24.0	f	4
512	sub539	81.94	f	9
513	sub2923	23.0	m	3
514	sub2812	52.0	f	2
515	sub906	47.0	f	2
516	sub2883	53.0	f	2
517	sub1335	20.0	f	8
518	sub279	29.0	m	1
519	sub635	61.0	m	14
520	sub1616	20.0	f	2
521	sub2149	46.22	m	9
522	sub215	22.0	f	2
523	sub2685	23.0	f	2
524	sub2666	23.0	m	0
525	sub1175	73.0	f	14
